id,amountOne,amountTwo,amountThree,amountFour,amountFive,regularSaleVelocity,averagePricePerUnit,amountOneTotalPrice,universalisUrl,name
2,60,80,100,110,120,13392.43,69,4140,https://universalis.app/market/2,Fire Shard
3,60,80,100,110,120,15141.29,63,3780,https://universalis.app/market/3,Ice Shard
4,60,80,100,110,120,10042.5,68,4080,https://universalis.app/market/4,Wind Shard
5,60,80,100,110,120,4225.39,63,3780,https://universalis.app/market/5,Earth Shard
6,60,80,100,110,120,5939.82,76,4560,https://universalis.app/market/6,Lightning Shard
7,60,80,100,110,120,7648.79,72,4320,https://universalis.app/market/7,Water Shard
8,30,60,100,110,120,32795.68,59,1770,https://universalis.app/market/8,Fire Crystal
9,30,60,100,110,120,18155.32,50,1500,https://universalis.app/market/9,Ice Crystal
10,30,60,100,110,120,44661.43,68,2040,https://universalis.app/market/10,Wind Crystal
11,30,60,100,110,120,21332.25,34,1020,https://universalis.app/market/11,Earth Crystal
12,30,60,100,110,120,23495.25,41,1230,https://universalis.app/market/12,Lightning Crystal
13,30,60,100,110,120,22081.03,54,1620,https://universalis.app/market/13,Water Crystal
4758,5,7,10,12,15,6.11,3,15,https://universalis.app/market/4758,Marmot Meat
4759,5,7,10,12,15,1.11,1,5,https://universalis.app/market/4759,Mutton Loin
4760,5,7,10,12,15,14.96,17,85,https://universalis.app/market/4760,Dodo Tenderloin
4761,5,7,10,12,15,24.5,60,300,https://universalis.app/market/4761,Mole Meat
4765,5,7,10,12,15,5.89,431,2155,https://universalis.app/market/4765,Antelope Shank
4766,5,7,10,12,15,63.93,109,545,https://universalis.app/market/4766,Aldgoat Chuck
4767,5,7,10,12,15,32.75,233,1165,https://universalis.app/market/4767,Raptor Shank
4768,5,7,10,12,15,13.61,96,480,https://universalis.app/market/4768,Buffalo Sirloin
4769,5,7,10,12,15,12.86,213,1065,https://universalis.app/market/4769,Eft Tail
4770,5,7,10,12,15,7.43,74,370,https://universalis.app/market/4770,Orobon Liver
4771,5,7,10,12,15,15.14,303,1515,https://universalis.app/market/4771,Megalocrab Leg
4773,5,7,10,12,15,17.89,36,180,https://universalis.app/market/4773,Dodo Egg
4774,5,7,10,12,15,6.86,520,2600,https://universalis.app/market/4774,Puk Egg
4775,5,7,10,12,15,27.96,67,335,https://universalis.app/market/4775,Apkallu Egg
4777,15,20,30,40,50,50.64,253,3795,https://universalis.app/market/4777,Wild Onion
4778,15,20,30,40,50,33.32,108,1620,https://universalis.app/market/4778,Coerthan Carrot
4779,15,20,30,40,50,25.14,36,540,https://universalis.app/market/4779,Ogre Pumpkin
4780,15,20,30,40,50,18.93,59,885,https://universalis.app/market/4780,Ruby Tomato
4781,15,20,30,40,50,13.46,70,1050,https://universalis.app/market/4781,Alpine Parsnip
4782,15,20,30,40,50,11.29,38,570,https://universalis.app/market/4782,La Noscean Lettuce
4783,15,20,30,40,50,10.75,82,1230,https://universalis.app/market/4783,Cieldalaes Spinach
4784,15,20,30,40,50,34.5,264,3960,https://universalis.app/market/4784,Highland Parsley
4785,15,20,30,40,50,25.32,44,660,https://universalis.app/market/4785,Paprika
4786,15,20,30,40,50,15.57,93,1395,https://universalis.app/market/4786,Nopales
4787,15,20,30,40,50,75.11,152,2280,https://universalis.app/market/4787,Popoto
4788,15,20,30,40,50,28,103,1545,https://universalis.app/market/4788,Wizard Eggplant
4789,15,20,30,40,50,28.21,70,1050,https://universalis.app/market/4789,Midland Cabbage
4790,15,20,30,40,50,27.86,223,3345,https://universalis.app/market/4790,Aloe
4791,15,20,30,40,50,8.18,166,2490,https://universalis.app/market/4791,Salt Leek
4792,15,20,30,40,50,52.93,154,2310,https://universalis.app/market/4792,Ramhorn Zucchini
4793,15,20,30,40,50,11.21,41,615,https://universalis.app/market/4793,Maiden Artichoke
4794,5,7,10,12,15,16.79,2,10,https://universalis.app/market/4794,Shriekshroom
4795,15,20,30,40,50,14.25,83,1245,https://universalis.app/market/4795,Chanterelle
4796,15,20,30,40,50,33.61,325,4875,https://universalis.app/market/4796,Gil Bun
4797,15,20,30,40,50,19.25,154,2310,https://universalis.app/market/4797,Button Mushroom
4798,15,20,30,40,50,7.36,46,690,https://universalis.app/market/4798,White Truffle
4800,3,6,9,10,11,0.07,0,0,https://universalis.app/market/4800,Black Truffle
4803,15,20,30,40,50,40.18,36,540,https://universalis.app/market/4803,Kukuru Bean
4804,15,20,30,40,50,24.75,108,1620,https://universalis.app/market/4804,Cinderfoot Olive
4805,15,20,30,40,50,15.07,16,240,https://universalis.app/market/4805,Gridanian Chestnut
4806,15,20,30,40,50,69.36,170,2550,https://universalis.app/market/4806,Gridanian Walnut
4807,15,20,30,40,50,31.89,179,2685,https://universalis.app/market/4807,Iron Acorn
4808,15,20,30,40,50,21.82,51,765,https://universalis.app/market/4808,Lowland Grapes
4809,15,20,30,40,50,34.11,35,525,https://universalis.app/market/4809,La Noscean Orange
4810,15,20,30,40,50,69.71,196,2940,https://universalis.app/market/4810,Faerie Apple
4811,15,20,30,40,50,149.57,127,1905,https://universalis.app/market/4811,Sun Lemon
4812,15,20,30,40,50,76.18,430,6450,https://universalis.app/market/4812,Pixie Plums
4813,15,20,30,40,50,50,137,2055,https://universalis.app/market/4813,Alligator Pear
4814,15,20,30,40,50,37.11,195,2925,https://universalis.app/market/4814,Blood Currants
4815,15,20,30,40,50,71.11,394,5910,https://universalis.app/market/4815,Rolanberry
4816,3,6,9,10,11,32.68,319,957,https://universalis.app/market/4816,Prickly Pineapple
4818,15,20,30,40,50,7.46,38,570,https://universalis.app/market/4818,Buffalo Beans
4819,15,20,30,40,50,26.21,49,735,https://universalis.app/market/4819,Sticky Rice
4820,15,20,30,40,50,8.04,15,225,https://universalis.app/market/4820,Lalafellin Lentil
4821,15,20,30,40,50,129.93,312,4680,https://universalis.app/market/4821,Millioncorn
4822,15,20,30,40,50,9.04,234,3510,https://universalis.app/market/4822,Jade Peas
4823,15,20,30,40,50,9.43,49,735,https://universalis.app/market/4823,Rye
4824,15,20,30,40,50,61.5,116,1740,https://universalis.app/market/4824,Sunset Wheat
4828,15,20,30,40,50,222.07,135,2025,https://universalis.app/market/4828,Cinnamon
4829,15,20,30,40,50,140.68,458,6870,https://universalis.app/market/4829,Garlean Garlic
4830,15,20,30,40,50,75.11,119,1785,https://universalis.app/market/4830,Black Pepper
4831,15,20,30,40,50,65.43,82,1230,https://universalis.app/market/4831,Cloves
4832,15,20,30,40,50,34.32,67,1005,https://universalis.app/market/4832,Marjoram
4833,3,5,7,8,9,5.18,2642,7926,https://universalis.app/market/4833,Vanilla Beans
4834,15,20,30,40,50,29.89,38,570,https://universalis.app/market/4834,Galago Mint
4835,15,20,30,40,50,21.82,63,945,https://universalis.app/market/4835,Ala Mhigan Mustard
4836,15,20,30,40,50,26.79,737,11055,https://universalis.app/market/4836,Pearl Ginger
4837,15,20,30,40,50,43,146,2190,https://universalis.app/market/4837,Midland Basil
4838,15,20,30,40,50,28.39,37,555,https://universalis.app/market/4838,Dragon Pepper
4839,15,20,30,40,50,29,387,5805,https://universalis.app/market/4839,Laurel
4840,15,20,30,40,50,42.82,216,3240,https://universalis.app/market/4840,Mugwort
4841,15,20,30,40,50,19.29,121,1815,https://universalis.app/market/4841,Thyme
4842,15,20,30,40,50,78.14,94,1410,https://universalis.app/market/4842,Almonds
4843,15,20,30,40,50,40.5,192,2880,https://universalis.app/market/4843,Desert Saffron
4844,15,20,30,40,50,47.04,357,5355,https://universalis.app/market/4844,Nutmeg
4845,15,20,30,40,50,29.11,91,1365,https://universalis.app/market/4845,Sagolii Sage
4846,15,20,30,40,50,87.68,12,180,https://universalis.app/market/4846,Thanalan Tea Leaves
4850,5,7,10,12,15,27.11,47,235,https://universalis.app/market/4850,Honey
4871,3,5,7,8,9,22.46,14,42,https://universalis.app/market/4871,Finger Shrimp
4876,5,7,10,11,12,30.11,84,420,https://universalis.app/market/4876,Coral Butterfly
4879,5,7,10,11,12,17.04,18,90,https://universalis.app/market/4879,Tiger Cod
4880,3,5,7,8,9,3.43,1859,5577,https://universalis.app/market/4880,Helmet Crab
4881,3,5,7,8,9,11.82,426,1278,https://universalis.app/market/4881,Rothlyt Oyster
4882,3,5,7,8,9,10.68,1838,5514,https://universalis.app/market/4882,Navigator's Dagger
4884,3,5,7,8,9,4.11,796,2388,https://universalis.app/market/4884,Razor Clam
4886,5,7,10,11,12,5,450,2250,https://universalis.app/market/4886,Blowfish
4891,3,5,7,8,9,9.11,2048,6144,https://universalis.app/market/4891,Bianaq Bream
4892,3,5,7,8,9,1.82,2254,6762,https://universalis.app/market/4892,Black Sole
4893,1,2,3,4,5,34.21,44390,44390,https://universalis.app/market/4893,Hammerhead Shark
4895,3,5,7,8,9,9.04,564,1692,https://universalis.app/market/4895,Indigo Herring
4896,5,7,10,11,12,6.61,695,3475,https://universalis.app/market/4896,Ash Tuna
4898,3,5,7,8,9,14.46,2336,7008,https://universalis.app/market/4898,Fullmoon Sardine
4900,3,5,7,8,9,7.61,807,2421,https://universalis.app/market/4900,Whitelip Oyster
4903,1,2,3,4,5,10.07,524,524,https://universalis.app/market/4903,Silver Shark
4905,1,2,3,4,5,20.25,1785,1785,https://universalis.app/market/4905,Raincaller
4925,5,7,10,11,12,11.86,128,640,https://universalis.app/market/4925,Crayfish
4930,3,5,7,8,9,121.79,410,1230,https://universalis.app/market/4930,Princess Trout
4931,5,7,10,11,12,7.18,36,180,https://universalis.app/market/4931,Dusk Goby
4932,5,7,10,11,12,6.61,293,1465,https://universalis.app/market/4932,Pipira
4933,5,7,10,11,12,8.93,507,2535,https://universalis.app/market/4933,Crimson Crayfish
4935,5,7,10,11,12,22.89,688,3440,https://universalis.app/market/4935,Brass Loach
4936,3,5,7,8,9,10.57,396,1188,https://universalis.app/market/4936,Maiden Carp
4949,5,7,10,11,12,1.61,2659,13295,https://universalis.app/market/4949,Bluebell Salmon
4955,5,7,10,11,12,10.86,3496,17480,https://universalis.app/market/4955,Warmwater Trout
4958,3,5,7,8,9,2.29,1428,4284,https://universalis.app/market/4958,Black Eel
4959,5,7,10,11,12,5.54,887,4435,https://universalis.app/market/4959,Dark Bass
4982,5,7,10,11,12,11.75,543,2715,https://universalis.app/market/4982,Velodyna Carp
4997,5,7,10,11,12,6.75,121,605,https://universalis.app/market/4997,Northern Pike
5040,3,5,7,8,9,11.75,560,1680,https://universalis.app/market/5040,Cloud Cutter
5050,15,20,30,40,50,6.14,21,315,https://universalis.app/market/5050,Allagan Snail
5051,15,20,30,40,50,4.04,27,405,https://universalis.app/market/5051,Tree Toad
5054,15,20,30,40,50,20.64,229,3435,https://universalis.app/market/5054,Dart Frog
5055,15,20,30,40,50,23.79,24,360,https://universalis.app/market/5055,Lava Toad
5106,15,20,30,40,50,300.75,86,1290,https://universalis.app/market/5106,Copper Ore
5107,15,20,30,40,50,285.64,76,1140,https://universalis.app/market/5107,Tin Ore
5108,15,20,30,40,50,9.57,2,30,https://universalis.app/market/5108,Yellow Copper Ore
5109,15,20,30,40,50,4.36,20,300,https://universalis.app/market/5109,Pyrite
5110,15,20,30,40,50,196.75,65,975,https://universalis.app/market/5110,Zinc Ore
5111,15,20,30,40,50,1095.89,53,795,https://universalis.app/market/5111,Iron Ore
5112,15,20,30,40,50,0.36,0,0,https://universalis.app/market/5112,Limonite
5113,15,20,30,40,50,783.54,201,3015,https://universalis.app/market/5113,Silver Ore
5114,15,20,30,40,50,896.54,214,3210,https://universalis.app/market/5114,Mythril Ore
5115,15,20,30,40,50,630.68,205,3075,https://universalis.app/market/5115,Electrum Ore
5116,15,20,30,40,50,2177.64,272,4080,https://universalis.app/market/5116,Cobalt Ore
5117,15,20,30,40,50,1.18,5,75,https://universalis.app/market/5117,Light Kidney Ore
5118,3,6,9,10,11,593.39,178,534,https://universalis.app/market/5118,Gold Ore
5120,1,3,5,6,7,94.61,721,721,https://universalis.app/market/5120,Platinum Ore
5121,3,6,9,10,11,1025.79,632,1896,https://universalis.app/market/5121,Darksteel Ore
5124,15,20,30,40,50,24.79,63,945,https://universalis.app/market/5124,Obsidian
5125,15,20,30,40,50,98.04,49,735,https://universalis.app/market/5125,Wyvern Obsidian
5126,15,20,30,40,50,20.82,91,1365,https://universalis.app/market/5126,Dragon Obsidian
5127,15,20,30,40,50,19,100,1500,https://universalis.app/market/5127,Wyrm Obsidian
5128,15,20,30,40,50,7.96,6,90,https://universalis.app/market/5128,Raw Sunstone
5129,15,20,30,40,50,22.79,15,225,https://universalis.app/market/5129,Raw Danburite
5130,15,20,30,40,50,11.43,16,240,https://universalis.app/market/5130,Raw Malachite
5131,15,20,30,40,50,1,8,120,https://universalis.app/market/5131,Raw Sphene
5132,15,20,30,40,50,7.96,36,540,https://universalis.app/market/5132,Raw Fluorite
5133,15,20,30,40,50,16.96,7,105,https://universalis.app/market/5133,Raw Lapis Lazuli
5134,15,20,30,40,50,22.68,36,540,https://universalis.app/market/5134,Raw Garnet
5135,15,20,30,40,50,4.29,133,1995,https://universalis.app/market/5135,Raw Goshenite
5136,15,20,30,40,50,8.75,65,975,https://universalis.app/market/5136,Raw Peridot
5137,15,20,30,40,50,7.57,72,1080,https://universalis.app/market/5137,Raw Heliodor
5138,15,20,30,40,50,33.64,140,2100,https://universalis.app/market/5138,Raw Amethyst
5139,15,20,30,40,50,17.36,98,1470,https://universalis.app/market/5139,Raw Aquamarine
5140,15,20,30,40,50,13.93,94,1410,https://universalis.app/market/5140,Raw Rubellite
5141,15,20,30,40,50,22.89,89,1335,https://universalis.app/market/5141,Raw Zircon
5142,15,20,30,40,50,21.25,90,1350,https://universalis.app/market/5142,Raw Tourmaline
5143,15,20,30,40,50,300.57,287,4305,https://universalis.app/market/5143,Raw Amber
5144,15,20,30,40,50,20.11,152,2280,https://universalis.app/market/5144,Raw Spinel
5145,15,20,30,40,50,22.39,23,345,https://universalis.app/market/5145,Raw Turquoise
5146,1,3,5,6,7,2,146,146,https://universalis.app/market/5146,Raw Ruby
5147,1,3,5,6,7,2.21,17,17,https://universalis.app/market/5147,Raw Diamond
5148,1,3,5,6,7,1.64,19,19,https://universalis.app/market/5148,Raw Emerald
5149,1,3,5,6,7,4.54,1050,1050,https://universalis.app/market/5149,Raw Topaz
5150,1,3,5,6,7,6.89,116,116,https://universalis.app/market/5150,Raw Iolite
5151,1,3,5,6,7,3.29,22,22,https://universalis.app/market/5151,Raw Sapphire
5152,15,20,30,40,50,15.82,265,3975,https://universalis.app/market/5152,Fire Rock
5153,15,20,30,40,50,18.82,676,10140,https://universalis.app/market/5153,Ice Rock
5154,15,20,30,40,50,7.36,315,4725,https://universalis.app/market/5154,Wind Rock
5155,15,20,30,40,50,18.96,193,2895,https://universalis.app/market/5155,Earth Rock
5156,15,20,30,40,50,8.21,141,2115,https://universalis.app/market/5156,Lightning Rock
5157,15,20,30,40,50,8.64,222,3330,https://universalis.app/market/5157,Water Rock
5158,3,6,9,10,11,9,35,105,https://universalis.app/market/5158,Astral Rock
5159,3,5,7,8,9,18.54,265,795,https://universalis.app/market/5159,Red Quartz
5160,3,5,7,8,9,,0,0,https://universalis.app/market/5160,Blue Quartz
5161,15,20,30,40,50,2.61,217,3255,https://universalis.app/market/5161,Green Quartz
5162,15,20,30,40,50,4.61,137,2055,https://universalis.app/market/5162,Yellow Quartz
5163,3,5,7,8,9,1.29,4,12,https://universalis.app/market/5163,Violet Quartz
5168,15,20,30,40,50,71.29,65,975,https://universalis.app/market/5168,Jade
5226,3,5,7,8,9,15.29,1809,5427,https://universalis.app/market/5226,Astral Moraine
5228,15,20,30,40,50,69.89,49,735,https://universalis.app/market/5228,Ragstone
5229,15,20,30,40,50,87.29,69,1035,https://universalis.app/market/5229,Mudstone
5230,15,20,30,40,50,307.71,270,4050,https://universalis.app/market/5230,Limestone
5231,15,20,30,40,50,169.14,223,3345,https://universalis.app/market/5231,Siltstone
5232,15,20,30,40,50,222.61,146,2190,https://universalis.app/market/5232,Stiperstone
5263,5,7,10,12,15,105.75,123,615,https://universalis.app/market/5263,Basilisk Egg
5267,15,20,30,40,50,557.21,6,90,https://universalis.app/market/5267,Fine Sand
5268,15,20,30,40,50,5.86,28,420,https://universalis.app/market/5268,Copper Sand
5269,15,20,30,40,50,6.86,8,120,https://universalis.app/market/5269,Iron Sand
5270,15,20,30,40,50,34.64,77,1155,https://universalis.app/market/5270,Silver Sand
5271,15,20,30,40,50,54.89,369,5535,https://universalis.app/market/5271,Mythril Sand
5272,15,20,30,40,50,74.75,122,1830,https://universalis.app/market/5272,Electrum Sand
5273,3,6,9,10,11,56.46,98,294,https://universalis.app/market/5273,Gold Sand
5291,5,7,10,12,15,98.89,1,5,https://universalis.app/market/5291,Animal Skin
5292,5,7,10,12,15,68.14,2,10,https://universalis.app/market/5292,Animal Hide
5296,5,7,10,12,15,204.25,307,1535,https://universalis.app/market/5296,Aldgoat Skin
5300,5,7,10,12,15,103.71,150,750,https://universalis.app/market/5300,Gigantoad Skin
5303,5,7,10,12,15,95.82,336,1680,https://universalis.app/market/5303,Boar Hide
5306,5,7,10,12,15,178.54,661,3305,https://universalis.app/market/5306,Peiste Skin
5308,5,7,10,12,15,83.04,132,660,https://universalis.app/market/5308,Karakul Skin
5310,5,7,10,12,15,46.25,521,2605,https://universalis.app/market/5310,Raptor Skin
5318,5,7,10,12,15,90.96,37,185,https://universalis.app/market/5318,Animal Sinew
5319,5,7,10,12,15,105.75,95,475,https://universalis.app/market/5319,Beast Sinew
5320,5,7,10,12,15,53.68,200,1000,https://universalis.app/market/5320,Diremite Sinew
5321,5,7,10,12,15,52.18,295,1475,https://universalis.app/market/5321,Hippogryph Sinew
5322,5,7,10,12,15,51.14,447,2235,https://universalis.app/market/5322,Raptor Sinew
5341,15,20,30,40,50,138.64,78,1170,https://universalis.app/market/5341,Moko Grass
5342,15,20,30,40,50,300.82,116,1740,https://universalis.app/market/5342,Straw
5343,15,20,30,40,50,296.07,77,1155,https://universalis.app/market/5343,Cotton Boll
5345,5,7,10,12,15,226.79,317,1585,https://universalis.app/market/5345,Diremite Web
5346,15,20,30,40,50,798.61,204,3060,https://universalis.app/market/5346,Flax
5347,5,7,10,12,15,688.75,375,1875,https://universalis.app/market/5347,Fleece
5348,5,7,10,12,15,91.79,872,4360,https://universalis.app/market/5348,Apkallu Down
5349,5,7,10,12,15,98.11,520,2600,https://universalis.app/market/5349,Snurble Tufts
5350,3,6,9,10,11,117.68,546,1638,https://universalis.app/market/5350,Silkworm Cocoon
5351,15,20,30,40,50,28.68,87,1305,https://universalis.app/market/5351,Cock Feather
5352,15,20,30,40,50,28.68,121,1815,https://universalis.app/market/5352,Crow Feather
5355,5,7,10,12,15,23.25,72,360,https://universalis.app/market/5355,Dodo Feather
5359,15,20,30,40,50,109.75,412,6180,https://universalis.app/market/5359,Chocobo Feather
5360,15,20,30,40,50,187.14,201,3015,https://universalis.app/market/5360,Wildfowl Feather
5365,1,3,5,6,7,72.96,585,585,https://universalis.app/market/5365,Bamboo Stick
5380,15,20,30,40,50,79.07,39,585,https://universalis.app/market/5380,Maple Log
5383,15,20,30,40,50,129.5,190,2850,https://universalis.app/market/5383,Ash Log
5384,15,20,30,40,50,298.68,250,3750,https://universalis.app/market/5384,Cedar Log
5385,15,20,30,40,50,339.64,214,3210,https://universalis.app/market/5385,Elm Log
5386,15,20,30,40,50,504.43,204,3060,https://universalis.app/market/5386,Yew Log
5388,15,20,30,40,50,391.29,256,3840,https://universalis.app/market/5388,Walnut Log
5389,15,20,30,40,50,106.86,168,2520,https://universalis.app/market/5389,Pine Log
5390,15,20,30,40,50,270.04,251,3765,https://universalis.app/market/5390,Oak Log
5391,15,20,30,40,50,274.79,133,1995,https://universalis.app/market/5391,Mahogany Log
5392,3,5,7,8,9,34.89,166,498,https://universalis.app/market/5392,Teak Log
5393,15,20,30,40,50,380.18,238,3570,https://universalis.app/market/5393,Rosewood Log
5394,1,3,5,6,7,10.11,25,25,https://universalis.app/market/5394,Ebony Log
5395,3,6,9,10,11,381.29,562,1686,https://universalis.app/market/5395,Spruce Log
5396,15,20,30,40,50,28.14,58,870,https://universalis.app/market/5396,Maple Branch
5402,15,20,30,40,50,50.89,171,2565,https://universalis.app/market/5402,Ash Branch
5403,15,20,30,40,50,45.89,173,2595,https://universalis.app/market/5403,Cedar Branch
5405,15,20,30,40,50,75.43,247,3705,https://universalis.app/market/5405,Yew Branch
5409,15,20,30,40,50,20.57,210,3150,https://universalis.app/market/5409,Oak Branch
5414,15,20,30,40,50,94.86,46,690,https://universalis.app/market/5414,Rosewood Branch
5432,15,20,30,40,50,39.54,38,570,https://universalis.app/market/5432,Bone Chip
5433,15,20,30,40,50,31.86,127,1905,https://universalis.app/market/5433,Soiled Femur
5434,5,7,10,12,15,9.71,6,30,https://universalis.app/market/5434,Ram Horn
5435,5,7,10,12,15,24.75,554,2770,https://universalis.app/market/5435,Antelope Horn
5436,5,7,10,12,15,452.86,349,1745,https://universalis.app/market/5436,Aldgoat Horn
5439,5,7,10,12,15,37.71,85,425,https://universalis.app/market/5439,Ogre Horn
5442,5,7,10,12,15,30.96,22,110,https://universalis.app/market/5442,Bat Fang
5444,5,7,10,12,15,70.75,347,1735,https://universalis.app/market/5444,Wolf Fang
5446,5,7,10,12,15,8.39,80,400,https://universalis.app/market/5446,Goobbue Fang
5447,5,7,10,12,15,17.5,21,105,https://universalis.app/market/5447,Sandworm Fang
5448,5,7,10,12,15,20.29,578,2890,https://universalis.app/market/5448,Biast Scales
5449,5,7,10,12,15,16.71,483,2415,https://universalis.app/market/5449,Drake Scales
5454,5,7,10,12,15,7.68,48,240,https://universalis.app/market/5454,Yellow Yarzon Leg
5455,5,7,10,12,15,18.43,248,1240,https://universalis.app/market/5455,Blue Yarzon Leg
5456,5,7,10,12,15,28.93,339,1695,https://universalis.app/market/5456,Green Megalocrab Shell
5458,15,20,30,40,50,18.29,15,225,https://universalis.app/market/5458,Adamantoise Shell
5460,3,5,7,8,9,18.39,2181,6543,https://universalis.app/market/5460,White Coral
5461,3,5,7,8,9,7.64,225,675,https://universalis.app/market/5461,Blue Coral
5462,3,5,7,8,9,36.64,1435,4305,https://universalis.app/market/5462,Red Coral
5465,15,20,30,40,50,37.21,297,4455,https://universalis.app/market/5465,Sunrise Tellin
5466,3,5,7,8,9,9.64,1091,3273,https://universalis.app/market/5466,Blacklip Oyster
5468,5,7,10,12,15,8.71,259,1295,https://universalis.app/market/5468,Cactuar Needle
5488,15,20,30,40,50,45.32,85,1275,https://universalis.app/market/5488,Muddy Water
5491,15,20,30,40,50,393.75,214,3210,https://universalis.app/market/5491,Effervescent Water
5492,5,7,10,12,15,18.75,2,10,https://universalis.app/market/5492,Beastkin Blood
5493,5,7,10,12,15,49.79,398,1990,https://universalis.app/market/5493,Scalekin Blood
5494,5,7,10,12,15,76.29,604,3020,https://universalis.app/market/5494,Spoken Blood
5495,5,7,10,12,15,20.04,2,10,https://universalis.app/market/5495,Viscous Secretions
5496,5,7,10,12,15,87.71,729,3645,https://universalis.app/market/5496,Acidic Secretions
5497,5,7,10,12,15,3.14,84,420,https://universalis.app/market/5497,Formic Acid
5498,15,20,30,40,50,31.89,32,480,https://universalis.app/market/5498,Maple Sap
5499,5,7,10,12,15,9.75,220,1100,https://universalis.app/market/5499,Treant Sap
5509,15,20,30,40,50,47.11,80,1200,https://universalis.app/market/5509,Latex
5513,15,20,30,40,50,84.11,418,6270,https://universalis.app/market/5513,Potter's Clay
5514,15,20,30,40,50,54.07,204,3060,https://universalis.app/market/5514,Humus
5516,15,20,30,40,50,55.36,19,285,https://universalis.app/market/5516,Beehive Chip
5518,15,20,30,40,50,236.64,139,2085,https://universalis.app/market/5518,Rock Salt
5519,15,20,30,40,50,78.5,130,1950,https://universalis.app/market/5519,Cinnabar
5521,15,20,30,40,50,23.04,65,975,https://universalis.app/market/5521,Saltpeter
5523,15,20,30,40,50,347.07,278,4170,https://universalis.app/market/5523,Silex
5524,15,20,30,40,50,326.29,211,3165,https://universalis.app/market/5524,Alumen
5525,15,20,30,40,50,240.61,187,2805,https://universalis.app/market/5525,Black Alumen
5526,5,7,10,12,15,161.57,157,785,https://universalis.app/market/5526,Grenade Ash
5527,15,20,30,40,50,48.93,150,2250,https://universalis.app/market/5527,Brimstone
5528,5,7,10,12,15,453.68,171,855,https://universalis.app/market/5528,Bomb Ash
5534,15,20,30,40,50,19.46,17,255,https://universalis.app/market/5534,Tinolqa Mistletoe
5535,15,20,30,40,50,33.21,189,2835,https://universalis.app/market/5535,Matron's Mistletoe
5536,15,20,30,40,50,240.79,155,2325,https://universalis.app/market/5536,Mistletoe
5537,3,6,9,10,11,27.43,130,390,https://universalis.app/market/5537,Thavnairian Mistletoe
5538,15,20,30,40,50,0.43,4,60,https://universalis.app/market/5538,Yellow Ginseng
5539,15,20,30,40,50,62.71,319,4785,https://universalis.app/market/5539,Lavender
5540,15,20,30,40,50,7.64,12,180,https://universalis.app/market/5540,Carnation
5541,15,20,30,40,50,5.46,218,3270,https://universalis.app/market/5541,Belladonna
5542,15,20,30,40,50,78.93,36,540,https://universalis.app/market/5542,Chamomile
5543,15,20,30,40,50,54.25,11,165,https://universalis.app/market/5543,Mandrake
5545,3,6,9,10,11,34.32,300,900,https://universalis.app/market/5545,Trillium
5546,3,6,9,10,11,46.18,382,1146,https://universalis.app/market/5546,Trillium Bulb
5547,3,6,9,10,11,34.04,110,330,https://universalis.app/market/5547,Vampire Plant
5548,5,7,10,12,15,4.36,48,240,https://universalis.app/market/5548,Red Landtrap Leaf
5549,5,7,10,12,15,69.14,286,1430,https://universalis.app/market/5549,Blue Landtrap Leaf
5550,5,7,10,12,15,3.93,9,45,https://universalis.app/market/5550,Puk Wing
5551,5,7,10,12,15,52.82,29,145,https://universalis.app/market/5551,Bat Wing
5552,5,7,10,12,15,4.21,6,30,https://universalis.app/market/5552,Imp Wing
5553,5,7,10,12,15,61.11,444,2220,https://universalis.app/market/5553,Ahriman Wing
5554,5,7,10,12,15,26.46,29,145,https://universalis.app/market/5554,Morbol Vine
5555,5,7,10,12,15,18.04,339,1695,https://universalis.app/market/5555,Ochu Vine
5556,5,7,10,12,15,21.68,616,3080,https://universalis.app/market/5556,Jellyfish Cnida
5557,5,7,10,12,15,77.07,80,400,https://universalis.app/market/5557,Jellyfish Umbrella
5558,5,7,10,12,15,95.36,372,1860,https://universalis.app/market/5558,Pudding Flesh
5559,15,20,30,40,50,17.71,403,6045,https://universalis.app/market/5559,Moor Leech
5560,15,20,30,40,50,23.11,73,1095,https://universalis.app/market/5560,Grass Viper
5562,15,20,30,40,50,11.82,72,1080,https://universalis.app/market/5562,Tarantula
5563,15,20,30,40,50,6.46,100,1500,https://universalis.app/market/5563,White Scorpion
5564,15,20,30,40,50,28.54,49,735,https://universalis.app/market/5564,Black Scorpion
5814,15,20,30,40,50,47.39,274,4110,https://universalis.app/market/5814,Blue Pigment
5815,15,20,30,40,50,108.14,187,2805,https://universalis.app/market/5815,Red Pigment
5816,15,20,30,40,50,5.11,239,3585,https://universalis.app/market/5816,Yellow Pigment
5817,15,20,30,40,50,169.14,211,3165,https://universalis.app/market/5817,Grey Pigment
5818,15,20,30,40,50,56.07,311,4665,https://universalis.app/market/5818,Brown Pigment
5819,15,20,30,40,50,6.46,293,4395,https://universalis.app/market/5819,Green Pigment
5820,15,20,30,40,50,51.68,297,4455,https://universalis.app/market/5820,Purple Pigment
6145,15,20,30,40,50,198.32,352,5280,https://universalis.app/market/6145,Noble Grapes
6146,15,20,30,40,50,186.96,223,3345,https://universalis.app/market/6146,Mirror Apple
6147,3,6,9,10,11,10,68,204,https://universalis.app/market/6147,Honey Lemon
6148,3,6,9,10,11,25,12,36,https://universalis.app/market/6148,Dzemael Tomato
6149,5,7,10,12,15,365.61,289,1445,https://universalis.app/market/6149,Night Milk
6152,3,6,9,10,11,131.43,762,2286,https://universalis.app/market/6152,Volcanic Rock Salt
7008,15,20,30,40,50,392.07,330,4950,https://universalis.app/market/7008,Granite
7010,15,20,30,40,50,98.82,107,1605,https://universalis.app/market/7010,Marble
7011,15,20,30,40,50,0.61,4,60,https://universalis.app/market/7011,Bloodgrass
7012,15,20,30,40,50,10.39,4,60,https://universalis.app/market/7012,Maiden Grass
7029,15,20,30,40,50,31.71,268,4020,https://universalis.app/market/7029,Island Seedling
7030,15,20,30,40,50,69.96,1092,16380,https://universalis.app/market/7030,Shroud Seedling
7031,15,20,30,40,50,13.68,164,2460,https://universalis.app/market/7031,Desert Seedling
7588,1,3,5,6,7,100.57,134,134,https://universalis.app/market/7588,Ferberite
7589,1,3,5,6,7,24.96,34,34,https://universalis.app/market/7589,Native Gold
7590,1,3,5,6,7,59,535,535,https://universalis.app/market/7590,Scarlet Sap
7591,1,3,5,6,7,24.25,49,49,https://universalis.app/market/7591,Shroud Tea Leaves
7592,15,20,30,40,50,26.25,157,2355,https://universalis.app/market/7592,Apricot
7593,15,20,30,40,50,9.25,264,3960,https://universalis.app/market/7593,La Noscean Leek
7594,1,3,5,6,7,5.64,143,143,https://universalis.app/market/7594,Young Cieldalaes Spinach
7595,1,3,5,6,7,2.46,15,15,https://universalis.app/market/7595,Blood Orange
7715,1,1,1,1,1,0.21,13,13,https://universalis.app/market/7715,Paprika Seeds
7716,1,1,1,1,1,0.04,0,0,https://universalis.app/market/7716,Wild Onion Set
7717,1,1,1,1,1,0.68,54,54,https://universalis.app/market/7717,Coerthan Carrot Seeds
7718,1,1,1,1,1,0.36,94,94,https://universalis.app/market/7718,La Noscean Lettuce Seeds
7719,1,1,1,1,1,0.04,0,0,https://universalis.app/market/7719,Olive Seeds
7720,1,1,1,1,1,0.86,519,519,https://universalis.app/market/7720,Popoto Set
7721,1,1,1,1,1,0.54,203,203,https://universalis.app/market/7721,Millioncorn Seeds
7722,1,1,1,1,1,1.54,284,284,https://universalis.app/market/7722,Wizard Eggplant Seeds
7723,1,1,1,1,1,1.07,125,125,https://universalis.app/market/7723,Midland Cabbage Seeds
7724,1,1,1,1,1,0.79,504,504,https://universalis.app/market/7724,Dzemael Tomato Seeds
7725,1,1,1,1,1,0.18,1,1,https://universalis.app/market/7725,La Noscean Orange Seeds
7726,1,1,1,1,1,0.46,167,167,https://universalis.app/market/7726,Lowland Grape Seeds
7727,1,1,1,1,1,0.21,63,63,https://universalis.app/market/7727,Faerie Apple Seeds
7728,1,1,1,1,1,2.07,105,105,https://universalis.app/market/7728,Sun Lemon Seeds
7729,1,1,1,1,1,3.43,131,131,https://universalis.app/market/7729,Pixie Plum Seeds
7730,1,1,1,1,1,2,1108,1108,https://universalis.app/market/7730,Blood Currant Seeds
7731,1,1,1,1,1,5.11,5391,5391,https://universalis.app/market/7731,Mirror Apple Seeds
7732,1,1,1,1,1,1,56,56,https://universalis.app/market/7732,Rolanberry Seeds
7733,1,1,1,1,1,2.36,833,833,https://universalis.app/market/7733,Honey Lemon Seeds
7734,1,1,1,1,1,2.57,997,997,https://universalis.app/market/7734,Prickly Pineapple Seeds
7735,1,1,1,1,1,0.04,0,0,https://universalis.app/market/7735,Garlic Cloves
7736,1,1,1,1,1,0.71,30,30,https://universalis.app/market/7736,Lavender Seeds
7737,1,1,1,1,1,,0,0,https://universalis.app/market/7737,Black Pepper Seeds
7738,1,1,1,1,1,1.71,0,0,https://universalis.app/market/7738,Ala Mhigan Mustard Seeds
7739,1,1,1,1,1,0.11,4,4,https://universalis.app/market/7739,Pearl Ginger Root
7740,1,1,1,1,1,3.46,3928,3928,https://universalis.app/market/7740,Chamomile Seeds
7741,1,1,1,1,1,0.93,449,449,https://universalis.app/market/7741,Linseed
7742,1,1,1,1,1,2.79,253,253,https://universalis.app/market/7742,Midland Basil Seeds
7743,1,1,1,1,1,2.18,4973,4973,https://universalis.app/market/7743,Mandrake Seeds
7744,1,1,1,1,1,6.5,2880,2880,https://universalis.app/market/7744,Almond Seeds
7758,5,7,10,12,15,4.04,164,820,https://universalis.app/market/7758,Grade 1 La Noscean Topsoil
7759,1,2,3,4,5,0.46,292,292,https://universalis.app/market/7759,Grade 2 La Noscean Topsoil
7760,1,1,1,1,1,2.61,684,684,https://universalis.app/market/7760,Grade 3 La Noscean Topsoil
7761,5,7,10,12,15,19.04,143,715,https://universalis.app/market/7761,Grade 1 Shroud Topsoil
7762,1,2,3,4,5,2.36,1061,1061,https://universalis.app/market/7762,Grade 2 Shroud Topsoil
7763,1,1,1,1,1,214.39,1406,1406,https://universalis.app/market/7763,Grade 3 Shroud Topsoil
7764,5,7,10,12,15,9.86,94,470,https://universalis.app/market/7764,Grade 1 Thanalan Topsoil
7765,1,2,3,4,5,1.21,540,540,https://universalis.app/market/7765,Grade 2 Thanalan Topsoil
7766,1,1,1,1,1,280.32,846,846,https://universalis.app/market/7766,Grade 3 Thanalan Topsoil
8024,1,3,5,6,7,13,1227,1227,https://universalis.app/market/8024,Waterfowl Feather
9518,1,3,5,6,7,32,346,346,https://universalis.app/market/9518,Cypress Log
9519,1,3,5,6,7,20.54,1045,1045,https://universalis.app/market/9519,Pumice
10092,7,15,20,25,30,26.14,183,1281,https://universalis.app/market/10092,Black Limestone
10093,1,3,5,6,7,21.79,110,110,https://universalis.app/market/10093,Virgin Basilisk Egg
10095,1,2,3,4,5,3.21,797,797,https://universalis.app/market/10095,Gregarious Worm
10096,1,3,5,6,7,33,538,538,https://universalis.app/market/10096,Rosemary
10098,1,2,3,4,5,12.21,415,415,https://universalis.app/market/10098,Mazlaya Greens
10099,1,3,5,6,7,51.82,51,51,https://universalis.app/market/10099,Unaspected Crystal
10335,3,5,7,8,9,1485.54,804,2412,https://universalis.app/market/10335,Dark Matter Cluster
12531,15,20,30,40,50,772.96,259,3885,https://universalis.app/market/12531,Mythrite Sand
12532,15,20,30,40,50,309.32,271,4065,https://universalis.app/market/12532,Hardsilver Sand
12533,15,20,30,40,50,221.36,301,4515,https://universalis.app/market/12533,Aurum Regis Sand
12534,7,15,20,25,30,644.07,370,2590,https://universalis.app/market/12534,Mythrite Ore
12535,7,15,20,25,30,115.79,396,2772,https://universalis.app/market/12535,Hardsilver Ore
12536,3,5,7,8,9,7.86,86,258,https://universalis.app/market/12536,Aurum Regis Ore
12537,7,15,20,25,30,413.21,362,2534,https://universalis.app/market/12537,Titanium Ore
12538,3,5,7,8,9,188.11,448,1344,https://universalis.app/market/12538,Adamantite Ore
12539,15,20,30,40,50,399.25,263,3945,https://universalis.app/market/12539,Cloud Mica
12540,3,5,7,8,9,1.32,8,24,https://universalis.app/market/12540,Sun Mica
12551,15,20,30,40,50,32.04,474,7110,https://universalis.app/market/12551,Raw Larimar
12552,15,20,30,40,50,31.86,298,4470,https://universalis.app/market/12552,Raw Tiger's Eye
12553,15,20,30,40,50,52.79,218,3270,https://universalis.app/market/12553,Raw Agate
12554,15,20,30,40,50,25.11,88,1320,https://universalis.app/market/12554,Raw Star Ruby
12555,15,20,30,40,50,14.18,64,960,https://universalis.app/market/12555,Raw Star Sapphire
12556,15,20,30,40,50,43.39,156,2340,https://universalis.app/market/12556,Raw Opal
12557,15,20,30,40,50,5.43,306,4590,https://universalis.app/market/12557,Raw Citrine
12558,15,20,30,40,50,13.18,110,1650,https://universalis.app/market/12558,Raw Chrysolite
12559,15,20,30,40,50,16.21,407,6105,https://universalis.app/market/12559,Raw Mormorion
12560,15,20,30,40,50,15.07,511,7665,https://universalis.app/market/12560,Raw Carnelian
12568,5,7,10,12,15,68.14,600,3000,https://universalis.app/market/12568,Archaeornis Skin
12569,5,7,10,12,15,72.29,559,2795,https://universalis.app/market/12569,Wyvern Skin
12570,5,7,10,12,15,83.43,757,3785,https://universalis.app/market/12570,Dhalmel Hide
12571,5,7,10,12,15,40.86,288,1440,https://universalis.app/market/12571,Dragon Skin
12572,5,7,10,12,15,26.57,467,2335,https://universalis.app/market/12572,Amphiptere Skin
12573,5,7,10,12,15,6,156,780,https://universalis.app/market/12573,Griffin Hide
12575,5,7,10,12,15,13.46,563,2815,https://universalis.app/market/12575,Yeti Fang
12576,5,7,10,12,15,11.14,11,55,https://universalis.app/market/12576,Dragon Fang
12577,5,7,10,12,15,6.75,37,185,https://universalis.app/market/12577,Griffin Talon
12578,15,20,30,40,50,244.86,399,5985,https://universalis.app/market/12578,Dark Chestnut Log
12579,7,15,20,25,30,232.54,283,1981,https://universalis.app/market/12579,Birch Log
12585,15,20,30,40,50,81.14,37,555,https://universalis.app/market/12585,Dark Chestnut Branch
12586,15,20,30,40,50,26.36,37,555,https://universalis.app/market/12586,Birch Branch
12587,3,5,7,8,9,17.25,279,837,https://universalis.app/market/12587,Wattle Bark
12597,15,20,30,40,50,158.11,193,2895,https://universalis.app/market/12597,Rainbow Cotton Boll
12598,15,20,30,40,50,179.07,252,3780,https://universalis.app/market/12598,Stalk of Ramie
12599,5,7,10,12,15,78.64,608,3040,https://universalis.app/market/12599,Chimera Mane
12600,5,7,10,12,15,27.64,653,3265,https://universalis.app/market/12600,Crawler Cocoon
12609,5,7,10,12,15,123.68,624,3120,https://universalis.app/market/12609,Bear Fat
12627,5,7,10,12,15,39.21,120,600,https://universalis.app/market/12627,Dragon Scale
12628,5,7,10,12,15,92.11,569,2845,https://universalis.app/market/12628,Deepeye Tears
12629,5,7,10,12,15,94.39,826,4130,https://universalis.app/market/12629,Dhalmel Saliva
12630,5,7,10,12,15,67.5,388,1940,https://universalis.app/market/12630,Dragon Blood
12631,15,20,30,40,50,248.36,259,3885,https://universalis.app/market/12631,Dravanian Spring Water
12632,15,20,30,40,50,89.89,209,3135,https://universalis.app/market/12632,Abalathian Spring Water
12634,3,5,7,8,9,20,145,435,https://universalis.app/market/12634,Seventh Heaven
12635,5,7,10,12,15,65.96,848,4240,https://universalis.app/market/12635,Gelato Flesh
12636,5,7,10,12,15,63.29,238,1190,https://universalis.app/market/12636,Wyvern Wing
12637,5,7,10,12,15,24.79,898,4490,https://universalis.app/market/12637,Icetrap Leaf
12638,15,20,30,40,50,41.54,270,4050,https://universalis.app/market/12638,Coneflower
12639,15,20,30,40,50,19.82,95,1425,https://universalis.app/market/12639,Cow Bitter
12640,15,20,30,40,50,65.14,189,2835,https://universalis.app/market/12640,Dandelion
12641,15,20,30,40,50,16.29,136,2040,https://universalis.app/market/12641,Gaelicatnip
12642,15,20,30,40,50,136.71,265,3975,https://universalis.app/market/12642,Rue
12643,15,20,30,40,50,13.54,183,2745,https://universalis.app/market/12643,Coriander
12715,5,7,10,11,12,5.79,215,1075,https://universalis.app/market/12715,Ice Faerie
12719,5,7,10,11,12,4.79,568,2840,https://universalis.app/market/12719,Fanged Clam
12721,5,7,10,11,12,0.39,1823,9115,https://universalis.app/market/12721,Whilom Catfish
12722,5,7,10,11,12,4.68,949,4745,https://universalis.app/market/12722,Blueclaw Shrimp
12725,5,7,10,11,12,,0,0,https://universalis.app/market/12725,Ogre Horn Snail
12728,5,7,10,11,12,0.79,8126,40630,https://universalis.app/market/12728,Maiboi
12733,5,7,10,11,12,,0,0,https://universalis.app/market/12733,Rock Mussel
12736,5,7,10,11,12,29.21,1057,5285,https://universalis.app/market/12736,Blue Cloud Coral
12737,5,7,10,11,12,4.64,3275,16375,https://universalis.app/market/12737,Seema Patrician
12739,5,7,10,11,12,1.5,7398,36990,https://universalis.app/market/12739,Bubble Eye
12747,5,7,10,11,12,0.93,0,0,https://universalis.app/market/12747,Scholar Sculpin
12749,5,7,10,11,12,0.57,443,2215,https://universalis.app/market/12749,Vanuhead
12750,5,7,10,11,12,1.07,7499,37495,https://universalis.app/market/12750,Marble Oscar
12758,5,7,10,11,12,25.25,1657,8285,https://universalis.app/market/12758,Mogpom
12765,5,7,10,11,12,,0,0,https://universalis.app/market/12765,Mercy Staff
12767,5,7,10,11,12,,0,0,https://universalis.app/market/12767,Warmwater Bichir
12780,5,7,10,11,12,2.21,11503,57515,https://universalis.app/market/12780,Sweetfish
12781,5,7,10,11,12,0.89,8349,41745,https://universalis.app/market/12781,Orn Butterfly
12790,5,7,10,11,12,0.82,1758,8790,https://universalis.app/market/12790,Philosopher's Stone
12809,5,7,10,11,12,,0,0,https://universalis.app/market/12809,Hospitalier Fish
12811,5,7,10,11,12,0.32,0,0,https://universalis.app/market/12811,Rockclimber
12817,5,7,10,11,12,0.18,4000,20000,https://universalis.app/market/12817,Battle Galley
12819,5,7,10,11,12,1.07,5002,25010,https://universalis.app/market/12819,Hinterlands Perch
12824,5,7,10,11,12,2.14,0,0,https://universalis.app/market/12824,Cherry Trout
12828,5,7,10,11,12,1.25,0,0,https://universalis.app/market/12828,Thunderbolt Eel
12871,5,7,10,12,15,9.18,115,575,https://universalis.app/market/12871,Gastornis Egg
12872,5,7,10,12,15,8.11,1737,8685,https://universalis.app/market/12872,Okeanis Egg
12873,5,7,10,12,15,6.96,729,3645,https://universalis.app/market/12873,Loaghtan Chump
12874,5,7,10,12,15,16.64,32,160,https://universalis.app/market/12874,Dhalmel Meat
12875,5,7,10,12,15,7.64,960,4800,https://universalis.app/market/12875,Okeanis Tail
12876,5,7,10,12,15,8.07,796,3980,https://universalis.app/market/12876,Cockatrice Thigh
12877,3,5,7,8,9,16.39,918,2754,https://universalis.app/market/12877,Pearl Sprouts
12878,7,15,20,25,30,118.71,323,2261,https://universalis.app/market/12878,Cyclops Onion
12879,7,15,20,25,30,19.14,220,1540,https://universalis.app/market/12879,Emerald Beans
12880,15,20,30,40,50,97.36,316,4740,https://universalis.app/market/12880,Highland Wheat
12882,3,5,7,8,9,90.21,583,1749,https://universalis.app/market/12882,Coerthan Tea Leaves
12883,15,20,30,40,50,55.89,302,4530,https://universalis.app/market/12883,Mist Dill
12884,3,5,7,8,9,9.64,149,447,https://universalis.app/market/12884,Chives
12885,15,20,30,40,50,25.29,47,705,https://universalis.app/market/12885,Magma Beet
12887,15,20,30,40,50,53.36,189,2835,https://universalis.app/market/12887,Sesame Seeds
12888,5,7,10,12,15,338.18,456,2280,https://universalis.app/market/12888,Yak Milk
12889,3,5,7,8,9,30.36,272,816,https://universalis.app/market/12889,Heavens Lemon
12891,15,20,30,40,50,128.86,252,3780,https://universalis.app/market/12891,Birch Sap
12893,7,15,20,25,30,102.86,327,2289,https://universalis.app/market/12893,Dark Chestnut
12896,3,5,7,8,9,45.18,49,147,https://universalis.app/market/12896,Old World Fig
12897,3,5,7,8,9,32.18,376,1128,https://universalis.app/market/12897,Cloud Banana
12898,3,5,7,8,9,6.96,15,45,https://universalis.app/market/12898,Morel
12899,3,5,7,8,9,8.11,72,216,https://universalis.app/market/12899,Porcini
12900,3,5,7,8,9,36.21,155,465,https://universalis.app/market/12900,Chysahl Greens
12901,3,5,7,8,9,72.68,660,1980,https://universalis.app/market/12901,Abalathian Rock Salt
12902,3,5,7,8,9,,0,0,https://universalis.app/market/12902,Honeydew Almonds
12903,3,5,7,8,9,2.21,398,1194,https://universalis.app/market/12903,Dravanian Paprika
12904,3,5,7,8,9,8.18,1031,3093,https://universalis.app/market/12904,Snurbleberry
12941,15,20,30,40,50,7.96,28,420,https://universalis.app/market/12941,Chalcocite
12942,15,20,30,40,50,0.46,1,15,https://universalis.app/market/12942,Cuprite
12943,3,5,7,8,9,42.18,922,2766,https://universalis.app/market/12943,Dravanian Mistletoe
12944,3,5,7,8,9,35.36,276,828,https://universalis.app/market/12944,Abalathian Mistletoe
12945,3,5,7,8,9,,0,0,https://universalis.app/market/12945,Red Alumen
13759,15,20,30,40,50,2.46,5,75,https://universalis.app/market/13759,Tektite
13760,15,20,30,40,50,1.36,2,30,https://universalis.app/market/13760,Eventide Jade
13761,15,20,30,40,50,,0,0,https://universalis.app/market/13761,Fossilized Dragon Bone
13762,15,20,30,40,50,4.89,25,375,https://universalis.app/market/13762,Periwinkle
13763,15,20,30,40,50,4.68,62,930,https://universalis.app/market/13763,Cloud Mushroom
13764,15,20,30,40,50,1.82,165,2475,https://universalis.app/market/13764,Wind Widow
13765,3,5,7,8,9,132.04,1201,3603,https://universalis.app/market/13765,Old World Fig Seeds
13767,3,5,7,8,9,0.54,50,150,https://universalis.app/market/13767,Pearl Sprout Seeds
13768,3,5,7,8,9,0.39,262,786,https://universalis.app/market/13768,Coerthan Tea Seeds
14148,3,5,7,8,9,115.29,1343,4029,https://universalis.app/market/14148,Lumythrite Ore
14151,3,5,7,8,9,17.89,1714,5142,https://universalis.app/market/14151,Smithsonite Ore
14154,3,5,7,8,9,12.5,370,1110,https://universalis.app/market/14154,Frost Cotton Boll
14159,15,20,30,40,50,18.43,16,240,https://universalis.app/market/14159,Camphorwood Log
14160,15,20,30,40,50,24.39,169,2535,https://universalis.app/market/14160,Camphorwood Branch
14190,15,20,30,40,50,0.5,18,270,https://universalis.app/market/14190,Beastkin Horn
14955,15,20,30,40,50,3.04,28,420,https://universalis.app/market/14955,Lumythrite Sand
14956,15,20,30,40,50,13.43,347,5205,https://universalis.app/market/14956,Whitefrost Cotton Boll
14957,3,5,7,8,9,14.68,1477,4431,https://universalis.app/market/14957,Old-growth Camphorwood Log
15646,3,5,7,8,9,11.71,827,2481,https://universalis.app/market/15646,Meteorite
15647,3,5,7,8,9,12.82,1379,4137,https://universalis.app/market/15647,Crystallized Sap
15865,15,20,30,40,50,8.11,403,6045,https://universalis.app/market/15865,Firelight Seeds
15866,15,20,30,40,50,7.93,528,7920,https://universalis.app/market/15866,Icelight Seeds
15867,15,20,30,40,50,20.04,293,4395,https://universalis.app/market/15867,Windlight Seeds
15868,15,20,30,40,50,5.11,328,4920,https://universalis.app/market/15868,Earthlight Seeds
15869,15,20,30,40,50,4.04,264,3960,https://universalis.app/market/15869,Levinlight Seeds
15870,15,20,30,40,50,4.57,355,5325,https://universalis.app/market/15870,Waterlight Seeds
16721,3,5,7,8,9,3.54,0,0,https://universalis.app/market/16721,Star Cotton Boll
16722,3,5,7,8,9,1.96,29,87,https://universalis.app/market/16722,Brown Mushroom
16723,3,5,7,8,9,,0,0,https://universalis.app/market/16723,Noble Sage
16724,3,5,7,8,9,1.79,5,15,https://universalis.app/market/16724,Tungstite
16725,3,5,7,8,9,1.07,0,0,https://universalis.app/market/16725,Luminium Ore
16726,3,5,7,8,9,1.96,35,105,https://universalis.app/market/16726,Zeolite Ore
19850,15,20,30,40,50,33.5,356,5340,https://universalis.app/market/19850,Buckwheat Kernels
19851,15,20,30,40,50,18.54,229,3435,https://universalis.app/market/19851,Loquat
19852,3,5,7,8,9,3.46,28,84,https://universalis.app/market/19852,Othardian Plum
19853,15,20,30,40,50,468.29,224,3360,https://universalis.app/market/19853,Kudzu Root
19854,15,20,30,40,50,20.5,333,4995,https://universalis.app/market/19854,Doman Eggplant
19855,15,20,30,40,50,15.75,230,3450,https://universalis.app/market/19855,Daikon Radish
19856,15,20,30,40,50,13.71,544,8160,https://universalis.app/market/19856,Sugar Beet
19857,3,5,7,8,9,26.07,14,42,https://universalis.app/market/19857,Jhammel Ginger
19858,15,20,30,40,50,4.29,203,3045,https://universalis.app/market/19858,Gyr Abanian Carrot
19859,15,20,30,40,50,5.32,223,3345,https://universalis.app/market/19859,Green Leek
19860,3,5,7,8,9,0.93,12,36,https://universalis.app/market/19860,Bamboo Shoot
19861,15,20,30,40,50,5.93,717,10755,https://universalis.app/market/19861,Mountain Popoto
19862,15,20,30,40,50,2.79,213,3195,https://universalis.app/market/19862,Soybeans
19863,15,20,30,40,50,14.96,286,4290,https://universalis.app/market/19863,Shiitake Mushroom
19864,15,20,30,40,50,19.96,308,4620,https://universalis.app/market/19864,Cumin Seeds
19865,3,5,7,8,9,24.64,19,57,https://universalis.app/market/19865,Lotus Root
19866,15,20,30,40,50,3.64,99,1485,https://universalis.app/market/19866,Sun Cabbage
19867,15,20,30,40,50,10.57,169,2535,https://universalis.app/market/19867,Fennel
19868,15,20,30,40,50,38.79,366,5490,https://universalis.app/market/19868,Gyr Abanian Wheat
19869,15,20,30,40,50,65.82,193,2895,https://universalis.app/market/19869,Persimmon
19870,15,20,30,40,50,35.89,240,3600,https://universalis.app/market/19870,Persimmon Leaf
19871,15,20,30,40,50,66.68,295,4425,https://universalis.app/market/19871,Gyr Abanian Mineral Water
19872,15,20,30,40,50,124.54,376,5640,https://universalis.app/market/19872,Crescent Spring Water
19873,5,7,10,12,15,11.14,13,65,https://universalis.app/market/19873,Dzo Chuck
19874,5,7,10,12,15,1.36,1,5,https://universalis.app/market/19874,Hornbill Tenderloin
19875,5,7,10,12,15,3.18,7,35,https://universalis.app/market/19875,Jhammel Haunch
19877,5,7,10,12,15,43.07,52,260,https://universalis.app/market/19877,Gagana Egg
19878,5,7,10,12,15,25.64,150,750,https://universalis.app/market/19878,Steppe Milk
19879,15,20,30,40,50,2.14,601,9015,https://universalis.app/market/19879,Ama Nori
19880,15,20,30,40,50,3.75,56,840,https://universalis.app/market/19880,Ruby Tide Kelp
19881,15,20,30,40,50,30.68,614,9210,https://universalis.app/market/19881,Gem Algae
19907,3,5,7,8,9,80.57,283,849,https://universalis.app/market/19907,Ala Mhigan Salt Crystal
19908,15,20,30,40,50,51.11,274,4110,https://universalis.app/market/19908,Pine Resin
19910,15,20,30,40,50,101.43,205,3075,https://universalis.app/market/19910,Gyr Abanian Alumen
19911,15,20,30,40,50,22.57,880,13200,https://universalis.app/market/19911,Yanxian Parsley
19912,15,20,30,40,50,27.89,290,4350,https://universalis.app/market/19912,Alyssum
19913,15,20,30,40,50,37.96,345,5175,https://universalis.app/market/19913,Nagxian Cudweed
19914,15,20,30,40,50,45.21,301,4515,https://universalis.app/market/19914,Chickweed
19915,15,20,30,40,50,64.21,208,3120,https://universalis.app/market/19915,Nipplewort
19917,15,20,30,40,50,155.25,240,3600,https://universalis.app/market/19917,Holy Basil
19918,3,5,7,8,9,18.82,54,162,https://universalis.app/market/19918,Hallowed Basil
19919,5,7,10,12,15,7.25,69,345,https://universalis.app/market/19919,Muud Suud Horn
19920,5,7,10,12,15,7.14,43,215,https://universalis.app/market/19920,Gazelle Horn
19921,5,7,10,12,15,2.07,1,5,https://universalis.app/market/19921,Dzo Horn
19922,5,7,10,12,15,30.18,192,960,https://universalis.app/market/19922,Moth Scales
19923,5,7,10,12,15,1.32,3,15,https://universalis.app/market/19923,Bombfish Spine
19924,5,7,10,12,15,32.07,134,670,https://universalis.app/market/19924,Rhino Beetle Carapace
19930,15,20,30,40,50,213.21,228,3420,https://universalis.app/market/19930,Beech Log
19931,15,20,30,40,50,134.36,231,3465,https://universalis.app/market/19931,Larch Log
19932,15,20,30,40,50,112.64,69,1035,https://universalis.app/market/19932,Persimmon Log
19933,15,20,30,40,50,130.5,132,1980,https://universalis.app/market/19933,Zelkova Log
19934,3,5,7,8,9,68.21,436,1308,https://universalis.app/market/19934,Torreya Log
19936,15,20,30,40,50,12.89,122,1830,https://universalis.app/market/19936,Beech Branch
19950,15,20,30,40,50,285.21,345,5175,https://universalis.app/market/19950,Koppranickel Sand
19951,15,20,30,40,50,88.96,429,6435,https://universalis.app/market/19951,Koppranickel Ore
19952,15,20,30,40,50,196,217,3255,https://universalis.app/market/19952,Durium Sand
19953,15,20,30,40,50,320.14,364,5460,https://universalis.app/market/19953,Doman Iron Ore
19954,15,20,30,40,50,64.71,111,1665,https://universalis.app/market/19954,Durium Ore
19955,15,20,30,40,50,110.39,219,3285,https://universalis.app/market/19955,Doman Iron Sand
19956,15,20,30,40,50,172.11,319,4785,https://universalis.app/market/19956,Palladium Sand
19957,15,20,30,40,50,402.61,239,3585,https://universalis.app/market/19957,Molybdenum Ore
19958,3,5,7,8,9,26.46,278,834,https://universalis.app/market/19958,Palladium Ore
19959,3,5,7,8,9,34.61,856,2568,https://universalis.app/market/19959,Chromite Ore
19968,3,5,7,8,9,37.46,95,285,https://universalis.app/market/19968,Raw Triphane
19969,15,20,30,40,50,26.39,88,1320,https://universalis.app/market/19969,Raw Kyanite
19970,3,5,7,8,9,20.36,81,243,https://universalis.app/market/19970,Raw Star Spinel
19971,3,5,7,8,9,36.89,144,432,https://universalis.app/market/19971,Raw Azurite
19972,3,5,7,8,9,19.25,68,204,https://universalis.app/market/19972,Raw Imperial Jade
19973,3,5,7,8,9,73.68,1046,3138,https://universalis.app/market/19973,Raw Rhodonite
19976,15,20,30,40,50,97.68,329,4935,https://universalis.app/market/19976,Bloodhemp
19979,15,20,30,40,50,117.14,313,4695,https://universalis.app/market/19979,Ruby Cotton Boll
19982,15,20,30,40,50,53.89,232,3480,https://universalis.app/market/19982,Kudzu Vine
19985,5,7,10,12,15,82.54,113,565,https://universalis.app/market/19985,Halgai Mane
19986,5,7,10,12,15,55.57,403,2015,https://universalis.app/market/19986,Manzasiri Hair
19989,15,20,30,40,50,81.18,190,2850,https://universalis.app/market/19989,Twincoon
19991,3,5,7,8,9,1.5,82,246,https://universalis.app/market/19991,Rhea
19999,5,7,10,12,15,101,185,925,https://universalis.app/market/19999,Gagana Skin
20000,5,7,10,12,15,56.5,122,610,https://universalis.app/market/20000,Gyuki Hide
20001,5,7,10,12,15,91.29,272,1360,https://universalis.app/market/20001,Tiger Skin
20002,5,7,10,12,15,22,190,950,https://universalis.app/market/20002,Marid Hide
20003,5,7,10,12,15,47.54,482,2410,https://universalis.app/market/20003,Gazelle Hide
20004,5,7,10,12,15,14.25,116,580,https://universalis.app/market/20004,True Griffin Hide
20006,15,20,30,40,50,69,310,4650,https://universalis.app/market/20006,Diatomite
20007,15,20,30,40,50,62.32,258,3870,https://universalis.app/market/20007,Slate
20050,5,7,10,11,12,0.57,3850,19250,https://universalis.app/market/20050,Heather Charr
20090,3,5,7,8,9,10.25,1322,3966,https://universalis.app/market/20090,Highland Perch
20105,3,5,7,8,9,14.54,360,1080,https://universalis.app/market/20105,Koromo Octopus
20138,1,2,3,4,5,0.86,75,75,https://universalis.app/market/20138,Curtain Pleco
20165,10,15,20,22,25,17.04,196,1960,https://universalis.app/market/20165,Eastern Sea Pickle
20176,10,15,20,22,25,1.36,94,940,https://universalis.app/market/20176,Gauntlet Crab
20191,10,15,20,22,25,5.68,656,6560,https://universalis.app/market/20191,Steppe Bullfrog
20198,10,15,20,22,25,9.46,188,1880,https://universalis.app/market/20198,Sea Lamp
20209,5,7,10,11,12,5.32,400,2000,https://universalis.app/market/20209,Spiny Lobster
20226,5,7,10,11,12,0.54,468,2340,https://universalis.app/market/20226,Motley Beakfish
21085,3,5,7,8,9,4.64,276,828,https://universalis.app/market/21085,Gyr Abanian Spring Water
21086,3,5,7,8,9,,0,0,https://universalis.app/market/21086,Azim Cotton Boll
21180,5,7,10,11,12,,0,0,https://universalis.app/market/21180,Snailfish
22393,3,5,7,8,9,,0,0,https://universalis.app/market/22393,Usuginu Octopus
22417,3,5,7,8,9,,0,0,https://universalis.app/market/22417,Nightsteel Ore
22418,3,5,7,8,9,16.71,112,336,https://universalis.app/market/22418,Silvergrace Ore
22419,3,5,7,8,9,15.43,689,2067,https://universalis.app/market/22419,Black Willow Log
22420,3,5,7,8,9,10.61,603,1809,https://universalis.app/market/22420,Hingan Flax
23179,3,5,7,8,9,10.75,1001,3003,https://universalis.app/market/23179,Hawk's Eye
23180,3,5,7,8,9,5.86,1173,3519,https://universalis.app/market/23180,Hardened Veteran Tree Sap
24240,3,5,7,8,9,10.39,420,1260,https://universalis.app/market/24240,Gyr Abanian Ore
24241,3,5,7,8,9,12.61,241,723,https://universalis.app/market/24241,Evergleam Ore
24242,3,5,7,8,9,,0,0,https://universalis.app/market/24242,Urunday Log
24243,3,5,7,8,9,3.39,36,108,https://universalis.app/market/24243,Yanxian Cotton Boll
24255,3,5,7,8,9,5.14,199,597,https://universalis.app/market/24255,Azim Spring Water
27451,5,7,10,11,12,19.18,139,695,https://universalis.app/market/27451,Rose Shrimp
27457,5,7,10,11,12,20.96,867,4335,https://universalis.app/market/27457,Spearhead Squid
27462,5,7,10,11,12,21.25,263,1315,https://universalis.app/market/27462,Sand Egg
27473,5,7,10,11,12,19,179,895,https://universalis.app/market/27473,Cherry Herring
27475,5,7,10,11,12,16.46,117,585,https://universalis.app/market/27475,Lemonfish
27483,5,7,10,11,12,4.43,1465,7325,https://universalis.app/market/27483,Black Tri-star
27513,5,7,10,11,12,35.86,93,465,https://universalis.app/market/27513,Sweetflesh Oyster
27540,10,15,20,22,25,28.32,426,4260,https://universalis.app/market/27540,Little Flirt
27571,10,15,20,22,25,24.89,156,1560,https://universalis.app/market/27571,Gourmand Crab
27576,10,15,20,22,25,3.57,98,980,https://universalis.app/market/27576,Megapiranha
27683,15,20,30,40,50,153.29,45,675,https://universalis.app/market/27683,White Oak Log
27684,15,20,30,40,50,86.36,61,915,https://universalis.app/market/27684,Miracle Apple Log
27685,15,20,30,40,50,252.89,220,3300,https://universalis.app/market/27685,White Ash Log
27686,15,20,30,40,50,273.93,221,3315,https://universalis.app/market/27686,Sandteak Log
27687,15,20,30,40,50,421.07,249,3735,https://universalis.app/market/27687,Lignum Vitae Log
27688,3,5,7,8,9,18.57,284,852,https://universalis.app/market/27688,Sandalwood Log
27696,15,20,30,40,50,377.07,191,2865,https://universalis.app/market/27696,Truegold Sand
27697,15,20,30,40,50,273.57,163,2445,https://universalis.app/market/27697,Truegold Ore
27698,15,20,30,40,50,245.75,236,3540,https://universalis.app/market/27698,Bluespirit Ore
27699,15,20,30,40,50,255.25,193,2895,https://universalis.app/market/27699,Manasilver Sand
27700,15,20,30,40,50,69.36,46,690,https://universalis.app/market/27700,Titancopper Sand
27701,15,20,30,40,50,98.86,88,1320,https://universalis.app/market/27701,Titancopper Ore
27702,15,20,30,40,50,300.96,238,3570,https://universalis.app/market/27702,Dimythrite Sand
27703,15,20,30,40,50,727.82,180,2700,https://universalis.app/market/27703,Dimythrite Ore
27704,3,5,7,8,9,25,1314,3942,https://universalis.app/market/27704,Tungsten Ore
27705,3,5,7,8,9,90.61,2703,8109,https://universalis.app/market/27705,Prismstone
27726,3,5,7,8,9,11.61,29,87,https://universalis.app/market/27726,Raw Hematite
27727,3,5,7,8,9,8.79,48,144,https://universalis.app/market/27727,Raw Diaspore
27728,3,5,7,8,9,12.54,14,42,https://universalis.app/market/27728,Raw Lazurite
27729,3,5,7,8,9,24.57,116,348,https://universalis.app/market/27729,Raw Triplite
27730,3,5,7,8,9,62.39,118,354,https://universalis.app/market/27730,Raw Petalite
27731,3,5,7,8,9,54.57,1181,3543,https://universalis.app/market/27731,Raw Onyx
27732,5,7,10,12,15,84.68,441,2205,https://universalis.app/market/27732,Smilodon Skin
27733,5,7,10,12,15,41.64,834,4170,https://universalis.app/market/27733,Green Glider Skin
27734,5,7,10,12,15,77.32,735,3675,https://universalis.app/market/27734,Atrociraptor Skin
27735,5,7,10,12,15,88.25,424,2120,https://universalis.app/market/27735,Zonure Skin
27736,5,7,10,12,15,286.75,528,2640,https://universalis.app/market/27736,Sea Swallow Skin
27747,15,20,30,40,50,161.29,298,4470,https://universalis.app/market/27747,Bright Flax
27750,15,20,30,40,50,56.07,308,4620,https://universalis.app/market/27750,Iridescent Cocoon
27753,15,20,30,40,50,81.5,191,2865,https://universalis.app/market/27753,Pixie Floss Boll
27756,5,7,10,12,15,58.11,224,1120,https://universalis.app/market/27756,Ovim Fleece
27759,15,20,30,40,50,339.29,289,4335,https://universalis.app/market/27759,Dwarven Cotton Boll
27761,3,5,7,8,9,7.25,204,612,https://universalis.app/market/27761,Ethereal Cocoon
27763,5,7,10,12,15,329,1044,5220,https://universalis.app/market/27763,Hoptrap Leaf
27764,5,7,10,12,15,8.75,1130,5650,https://universalis.app/market/27764,Silkmoth Scales
27773,5,7,10,12,15,79.39,464,2320,https://universalis.app/market/27773,Vampire Cup Vine
27774,5,7,10,12,15,365.93,781,3905,https://universalis.app/market/27774,Vampire Vine Sap
27776,15,20,30,40,50,24.46,68,1020,https://universalis.app/market/27776,Extra Effervescent Water
27779,15,20,30,40,50,443.82,287,4305,https://universalis.app/market/27779,Sweet Alyssum
27780,15,20,30,40,50,317.68,201,3015,https://universalis.app/market/27780,Fernleaf Lavender
27782,15,20,30,40,50,1135,316,4740,https://universalis.app/market/27782,Underground Spring Water
27783,15,20,30,40,50,617.61,359,5385,https://universalis.app/market/27783,Lime Basil
27784,15,20,30,40,50,475.18,239,3585,https://universalis.app/market/27784,Tiger Lily
27785,15,20,30,40,50,788.36,222,3330,https://universalis.app/market/27785,Light Gerbera
27797,5,7,10,12,15,45.57,735,3675,https://universalis.app/market/27797,Lorikeet Down
27798,5,7,10,12,15,17.07,260,1300,https://universalis.app/market/27798,Island Wolf Fang
27799,5,7,10,12,15,143.25,307,1535,https://universalis.app/market/27799,Cubus Flesh
27800,5,7,10,12,15,33.18,537,2685,https://universalis.app/market/27800,Hydrozoan Umbrella
27801,15,20,30,40,50,116.79,120,1800,https://universalis.app/market/27801,Hard Mudstone
27803,15,20,30,40,50,135,457,6855,https://universalis.app/market/27803,Volcanic Tuff
27816,15,20,30,40,50,2.79,926,13890,https://universalis.app/market/27816,White Oak Branch
27817,15,20,30,40,50,414.36,276,4140,https://universalis.app/market/27817,Yellow Alumen
27818,15,20,30,40,50,70.61,295,4425,https://universalis.app/market/27818,Purple Carrot
27819,15,20,30,40,50,20.79,121,1815,https://universalis.app/market/27819,Harcot
27820,15,20,30,40,50,352.68,341,5115,https://universalis.app/market/27820,Frantoio
27821,15,20,30,40,50,56.36,277,4155,https://universalis.app/market/27821,Amber Cloves
27822,3,5,7,8,9,21.93,7,21,https://universalis.app/market/27822,Russet Popoto
27823,15,20,30,40,50,45.61,216,3240,https://universalis.app/market/27823,Curly Parsley
27824,15,20,30,40,50,81.64,253,3795,https://universalis.app/market/27824,Garden Beet
27825,15,20,30,40,50,528.89,387,5805,https://universalis.app/market/27825,Blood Tomato
27826,15,20,30,40,50,71.36,291,4365,https://universalis.app/market/27826,Royal Grapes
27827,15,20,30,40,50,60.79,134,2010,https://universalis.app/market/27827,Night Pepper
27828,3,5,7,8,9,35.32,35,105,https://universalis.app/market/27828,Mist Spinach
27829,15,20,30,40,50,33.64,341,5115,https://universalis.app/market/27829,Creamtop Mushroom
27830,15,20,30,40,50,64.57,207,3105,https://universalis.app/market/27830,Bomba Rice
27831,15,20,30,40,50,45.39,398,5970,https://universalis.app/market/27831,Pixie Apple
27832,15,20,30,40,50,355,311,4665,https://universalis.app/market/27832,Upland Wheat
27833,3,5,7,8,9,8.46,142,426,https://universalis.app/market/27833,Broad Beans
27834,15,20,30,40,50,93.32,321,4815,https://universalis.app/market/27834,Gianthive Chip
27835,3,5,7,8,9,287.25,874,2622,https://universalis.app/market/27835,Lemonette
27836,3,5,7,8,9,59.68,81,243,https://universalis.app/market/27836,Peppermint
27837,15,20,30,40,50,142.11,160,2400,https://universalis.app/market/27837,Coffee Beans
27850,5,7,10,12,15,43.07,177,885,https://universalis.app/market/27850,Rail Tenderloin
27851,5,7,10,12,15,13.46,6,30,https://universalis.app/market/27851,Lorikeet Egg
27852,5,7,10,12,15,88.86,561,2805,https://universalis.app/market/27852,Ovim Meat
27954,15,20,30,40,50,9.64,79,1185,https://universalis.app/market/27954,Coarse Saltpeter
27968,15,20,30,40,50,132.96,241,3615,https://universalis.app/market/27968,Highland Spring Water
28716,3,5,7,8,9,21.89,733,2199,https://universalis.app/market/28716,Sandalwood Sap
28717,3,5,7,8,9,34.46,1350,4050,https://universalis.app/market/28717,Beryllium Ore
28719,1,2,3,4,5,,0,0,https://universalis.app/market/28719,Sweetmeat Mussel
29968,3,5,7,8,9,12.39,1294,3882,https://universalis.app/market/29968,Fireheart Cobalt
29970,3,5,7,8,9,24.57,1363,4089,https://universalis.app/market/29970,Purpure Shell Chip
29972,3,5,7,8,9,21.39,920,2760,https://universalis.app/market/29972,Merbau Log
29974,3,5,7,8,9,36.21,1616,4848,https://universalis.app/market/29974,Duskblooms
29976,3,5,7,8,9,43.96,1223,3669,https://universalis.app/market/29976,Ashen Alumen
29978,3,5,7,8,9,17.25,185,555,https://universalis.app/market/29978,Imperial Fern
30485,3,5,7,8,9,2.18,1000,3000,https://universalis.app/market/30485,Tender Dill
30486,3,5,7,8,9,17.68,1070,3210,https://universalis.app/market/30486,Brashgold Ore
30487,1,2,3,4,5,8.5,210,210,https://universalis.app/market/30487,Blue Crab
32950,3,5,7,8,9,6.93,102,306,https://universalis.app/market/32950,Silver Beech Log
32951,3,5,7,8,9,15.54,258,774,https://universalis.app/market/32951,Dolomite
32952,3,5,7,8,9,20.82,468,1404,https://universalis.app/market/32952,Solstice Stone
32953,3,5,7,8,9,16.11,1752,5256,https://universalis.app/market/32953,Raindrop Cotton Boll
32954,3,5,7,8,9,18.71,631,1893,https://universalis.app/market/32954,Wattle Petribark
32955,3,5,7,8,9,13.07,467,1401,https://universalis.app/market/32955,Hard Water
36083,15,20,30,40,50,207.82,80,1200,https://universalis.app/market/36083,Dark Rye
36084,15,20,30,40,50,296.89,298,4470,https://universalis.app/market/36084,Sharlayan Rock Salt
36085,15,20,30,40,50,358.86,375,5625,https://universalis.app/market/36085,Thavnairian Perilla Leaf
36086,15,20,30,40,50,881.25,220,3300,https://universalis.app/market/36086,Palm Syrup
36087,15,20,30,40,50,164.36,72,1080,https://universalis.app/market/36087,Coconut
36088,15,20,30,40,50,58.25,240,3600,https://universalis.app/market/36088,Iceberg Lettuce
36089,15,20,30,40,50,607.93,284,4260,https://universalis.app/market/36089,Giant Popoto
36090,15,20,30,40,50,100.93,788,11820,https://universalis.app/market/36090,Carrot of Happiness
36091,15,20,30,40,50,166.75,225,3375,https://universalis.app/market/36091,Cucumber
36092,15,20,30,40,50,35.54,598,8970,https://universalis.app/market/36092,Eblan Lentils
36093,15,20,30,40,50,26.43,269,4035,https://universalis.app/market/36093,Beet
36094,15,20,30,40,50,578.14,179,2685,https://universalis.app/market/36094,Sideritis Leaves
36095,15,20,30,40,50,411.89,139,2085,https://universalis.app/market/36095,Elder Nutmeg Seeds
36096,15,20,30,40,50,363.32,119,1785,https://universalis.app/market/36096,Sykon
36097,15,20,30,40,50,383.96,48,720,https://universalis.app/market/36097,Alien Onion
36098,15,20,30,40,50,190.43,295,4425,https://universalis.app/market/36098,Thavnairian Paprika
36162,15,20,30,40,50,267.64,312,4680,https://universalis.app/market/36162,High Durium Sand
36163,15,20,30,40,50,128.86,293,4395,https://universalis.app/market/36163,High Durium Ore
36164,15,20,30,40,50,513.57,245,3675,https://universalis.app/market/36164,Bismuth Ore
36165,15,20,30,40,50,1076.11,294,4410,https://universalis.app/market/36165,Manganese Ore
36166,15,20,30,40,50,924.07,265,3975,https://universalis.app/market/36166,Chondrite
36167,3,5,7,8,9,22.89,102,306,https://universalis.app/market/36167,Lunar Adamantite Ore
36174,15,20,30,40,50,357.21,100,1500,https://universalis.app/market/36174,Raw Ametrine
36175,15,20,30,40,50,336.5,247,3705,https://universalis.app/market/36175,Pewter Ore
36176,15,20,30,40,50,604.36,268,4020,https://universalis.app/market/36176,Phrygian Gold Ore
36177,15,20,30,40,50,233.57,16,240,https://universalis.app/market/36177,Raw Blue Zircon
36178,15,20,30,40,50,547.21,75,1125,https://universalis.app/market/36178,Raw Star Quartz
36179,3,5,7,8,9,32,92,276,https://universalis.app/market/36179,Rhodium Sand
36180,15,20,30,40,50,200.64,194,2910,https://universalis.app/market/36180,Chloroschist
36181,15,20,30,40,50,564.79,211,3165,https://universalis.app/market/36181,Annite
36190,15,20,30,40,50,206.04,170,2550,https://universalis.app/market/36190,Horse Chestnut Log
36191,15,20,30,40,50,131.11,296,4440,https://universalis.app/market/36191,Palm Log
36192,15,20,30,40,50,331.21,434,6510,https://universalis.app/market/36192,Red Pine Log
36193,15,20,30,40,50,353.46,363,5445,https://universalis.app/market/36193,Ironwood Log
36194,15,20,30,40,50,989.61,254,3810,https://universalis.app/market/36194,Integral Log
36195,3,5,7,8,9,31.89,99,297,https://universalis.app/market/36195,Mempisang Log
36202,15,20,30,40,50,181.86,367,5505,https://universalis.app/market/36202,Dark Hemp
36203,5,7,10,12,15,201.07,626,3130,https://universalis.app/market/36203,Almasty Fur
36204,15,20,30,40,50,244.5,141,2115,https://universalis.app/market/36204,Snow Flax
36205,15,20,30,40,50,270.82,162,2430,https://universalis.app/market/36205,Scarlet Moko Grass
36206,15,20,30,40,50,1032.25,203,3045,https://universalis.app/market/36206,AR-Caean Cotton Boll
36207,3,5,7,8,9,30.93,88,264,https://universalis.app/market/36207,Golden Cocoon
36214,3,5,7,8,9,33.14,37,111,https://universalis.app/market/36214,Potent Spice
36215,3,5,7,8,9,48.71,47,141,https://universalis.app/market/36215,Stonehard Water
36216,3,5,7,8,9,18.46,81,243,https://universalis.app/market/36216,Rime Dolomite
36217,3,5,7,8,9,30,66,198,https://universalis.app/market/36217,Double-edged Herb
36241,15,20,30,40,50,293,247,3705,https://universalis.app/market/36241,Eblan Alumen
36242,5,7,10,12,15,264.29,328,1640,https://universalis.app/market/36242,Gaja Hide
36243,5,7,10,12,15,143.07,687,3435,https://universalis.app/market/36243,Luncheon Toad Skin
36244,5,7,10,12,15,232.89,294,1470,https://universalis.app/market/36244,Saiga Hide
36245,5,7,10,12,15,236.43,201,1005,https://universalis.app/market/36245,Kumbhira Skin
36246,5,7,10,12,15,639.57,301,1505,https://universalis.app/market/36246,Ophiotauros Hide
36253,5,7,10,12,15,17.46,4,20,https://universalis.app/market/36253,Hamsa Tenderloin
36254,5,7,10,12,15,12.75,391,1955,https://universalis.app/market/36254,Yakow Chuck
36255,5,7,10,12,15,2603.43,438,2190,https://universalis.app/market/36255,Ovibos Milk
36256,5,7,10,12,15,152.61,148,740,https://universalis.app/market/36256,Egg of Elpis
36257,5,7,10,12,15,148.29,622,3110,https://universalis.app/market/36257,Mousse Flesh
36258,5,7,10,12,15,752.43,562,2810,https://universalis.app/market/36258,Lunatender Blossom
36259,5,7,10,12,15,7.96,28,140,https://universalis.app/market/36259,Dynamite Ash
36260,5,7,10,12,15,533.64,456,2280,https://universalis.app/market/36260,Petalouda Scales
36261,5,7,10,12,15,617.32,281,1405,https://universalis.app/market/36261,Berkanan Sap
36262,5,7,10,12,15,156.36,720,3600,https://universalis.app/market/36262,Dynamis Crystal
36263,15,20,30,40,50,1543.25,223,3345,https://universalis.app/market/36263,Ambrosial Water
36264,5,7,10,12,15,19.54,371,1855,https://universalis.app/market/36264,Amra
36386,2,3,5,7,9,39.64,1428,2856,https://universalis.app/market/36386,Northern Herring
36409,2,3,5,7,9,2.54,10000,20000,https://universalis.app/market/36409,Macrobrachium Lar
36459,2,3,5,7,9,2.32,113,226,https://universalis.app/market/36459,Icepike
36471,2,3,5,7,9,16.29,8896,17792,https://universalis.app/market/36471,Protomyke #987
36523,5,7,9,12,15,16.89,436,2180,https://universalis.app/market/36523,Spiny King Crab
36536,5,7,9,12,15,6.89,599,2995,https://universalis.app/market/36536,Shallows Cod
36541,5,7,9,12,15,12.82,5353,26765,https://universalis.app/market/36541,Rummy-nosed Tetra
36551,5,7,9,12,15,5.89,2833,14165,https://universalis.app/market/36551,Ruby-spotted Crab
36555,5,7,9,12,15,16.57,3952,19760,https://universalis.app/market/36555,Dream Pickle
36569,5,7,9,12,15,9.64,405,2025,https://universalis.app/market/36569,Grey Mullet
36630,5,7,10,12,15,12.68,88,440,https://universalis.app/market/36630,Bird of Elpis Breast
37278,3,5,7,8,9,46.89,79,237,https://universalis.app/market/37278,Thavnairian Corn
37279,3,5,7,8,9,21.36,19,57,https://universalis.app/market/37279,Raw Eblan Danburite
37817,3,5,7,8,9,66.43,401,1203,https://universalis.app/market/37817,Raw Rutilated Quartz
37818,3,5,7,8,9,232.71,598,1794,https://universalis.app/market/37818,Paldao Log
37819,3,5,7,8,9,272.61,566,1698,https://universalis.app/market/37819,Haritaki
37820,3,5,7,8,9,438.64,812,2436,https://universalis.app/market/37820,Ilmenite
37821,3,5,7,8,9,438.14,896,2688,https://universalis.app/market/37821,Bayberry
37822,3,5,7,8,9,39.11,21,63,https://universalis.app/market/37822,Ash Diatomite
